code;name;metaDescription;seoTitle;categoryText
E6595;Souprava tepláková dětská dívčí (98-128) KUGO E6595 světle růžová 98;Dětská tepláková souprava pro dívky, velikosti 98–128, světle růžová, měkký bavlněný materiál. Pohodlný střih na každodenníношení. Vyberte správnou velikost své dcery.;Dívčí tepláková souprava 98-128 růžová | vmobleceni.cz;Dívčí oblečení  >  Dívčí soupravy
M4915;SOUPRAVA DOROSTENECKÁ CHLAPECKÁ KUGO M4915 tmavě modrá 152;Chlapecká souprava Kugo M4915 v tmavě modré barvě, velikost 152. Pohodlný svetr a kalhoty z kvalitního materiálu pro aktivní chlapce. Objevte kompletní set na vmobleceni.cz.;Chlapecká souprava Kugo M4915 vel. 152 | vmobleceni.cz;Chlapecké oblečení  >  Chlapecké svetry a mikiny
LHS-2818;KRAŤASY BAVLNĚNÉ KOJENECKÉ DÍVČÍ DANNY LHS-2818 fialová 62;Bavlněné kraťasy pro kojenecké dívky Danny v odstínu fialové, velikost 62. Měkký střih z přírodního materiálu. Pohodlné pro nejmenší. Objevte kolekci.;Kojenecké kraťasy bavlněné Danny fialové 62 | vmobleceni.cz;Miminka  >  Kojenecké kraťasy
N8626;MIKINY DĚTSKÉ CHLAPECKÉ KUGO N8626 hnědá 98;Chlapecké mikiny KUGO N8626 v hnědé barvě, velikost 98. Pohodlný střih z kvalitního materiálu pro aktivní děti. Objevte trvanlivé dětské svetry a mikiny.;Chlapecké mikiny KUGO N8626 hnědá 98 | vmobleceni.cz;Chlapecké oblečení  >  Chlapecké svetry a mikiny
F202;MIKINY DĚTSKÁ DÍVČI KUGO F202 fialová 104;Dívčí mikina Kugo F202 ve fialové barvě, velikost 104. Pohodlný střih z měkkého materiálu pro každodenní nošení. Objevte kvalitní dětské mikiny.;Dívčí mikina Kugo F202 fialová 104 | vmobleceni.cz;Dívčí oblečení  >  Dívčí svetry a mikiny  >  Dívčí mikiny
953-471;Kšiltovka chlapecká (50-54cm) CHUGGINGTON SETINO 953-471 sv.modrá 52;Chlapecká kšiltovka Chuggington, velikost 52cm (50-54cm), světle modrá bavlna. Ideální na výlety a hry. Pohodlný střih pro děti.;Chlapecká kšiltovka Chuggington 52cm | vmobleceni.cz;Doplňky módy  >  Dětské  >  Čepice-šátky-šály-čelenky  >  Kšiltovky
951-225;Kšiltovka dětská dívčí (50-52-54cm) POLLY POCKET SETINO 951-225 sv. modrá 54;Dětská dívčí kšiltovka Polly Pocket Setino, bavlněná, světle modrá, velikosti 50–54 cm. Chrání oči před sluncem a vhodná k letnému oblečení. Objednejte nyní.;Dětská kšiltovka Polly Pocket 50-54cm | vmobleceni.cz;Doplňky módy  >  Dětské  >  Čepice-šátky-šály-čelenky  >  Čepice zimní
B2005;Kalhoty dětské chlapecké (98-134) KUGO B2005 béžová 116;Chlapecké outdoorové kalhoty KUGO B2005 v béžové barvě, velikosti 98–134. Praktické kalhoty pro aktivní děti se zateplením a pohodlným střihem. Objednejte nyní.;Chlapecké outdoorové kalhoty KUGO B2005 béžové | vmobleceni.cz;Chlapecké oblečení  >  Chlapecké kalhoty  >  Chlapecké outdoorové kalhoty
036;ŠATY DĚTSKÉ KUGO 036 sv.zelená 110;Dětské šaty Kugo 036 ze 100% bavlny, světle zelené, velikost 110. Pohodlný střih s krátkým rukávem pro dívky. Koupit online.;Dětské šaty Kugo 036 sv.zelená 110 | vmobleceni.cz;Dívčí oblečení  >  Dívčí šaty
080;Šortky kojenecké plátěné(74-92)FROG 080 oranžová 80;Kojenecké plátěné šortky FROG v oranžové barvě, velikost 80 (74–92 cm). Měkký materiál, pohodlný střih pro létní měsíce. Objevte kolekci kojeneckého oblečení.;Kojenecké šortky plátěné oranžové 80 | vmobleceni.cz;Miminka  >  Kojenecké kraťasy
T2217;Tepláky dětské dívčí(98-128)KUGO T2217 červená 104;Dívčí tepláky KUGO T2217 v červené barvě, velikosti 98–128 cm, z měkkého materiálu s elastanem. Pohodlný střih pro každodenní nošení. Vyberte správnou velikost své dcery.;Dívčí tepláky KUGO T2217 červené 98-128 | vmobleceni.cz;Dívčí oblečení  >  Dívčí tepláky
M2911;Mikina dorostenecká chlapecká (134-164) KUGO M2911 tmavě šedá 152;Chlapecká mikina KUGO M2911 v tmavě šedé barvě, velikosti 134–164 cm. Pohodlný střih pro chlapce, ideální na přechodné období. Objednejte online.;Chlapecká mikina KUGO M2911 134-164 | vmobleceni.cz;Chlapecké oblečení  >  Chlapecké svetry a mikiny
M22031;TEPLÁKY 3/4 DĚTSKÉ CHLAPECKÉ KUGO M2203 tmavě modrá 74;Chlapecké tříčtvrťáky KUGO M2203 z bavlny, velikost 74, tmavě modré. Pohodlné oblečení pro děti s elastickým pasem. Vyberte si nyní.;Chlapecké tříčtvrťáky 74 tmavě modré | vmobleceni.cz;Chlapecké oblečení  >  Chlapecké kraťasy  >  Chlapecké tříčtvrťáky
DK-060;TÍLKO DĚTSKÉ CHLAPECKÉ KUGO DK-060 béžová 128;Chlapecké tílko Kugo DK-060 v béžové barvě, velikost 128. Jednoduchý střih z příjemného materiálu pro každodenní nošení. Vybírejte z nabídky dětského oblečení.;Chlapecké tílko Kugo DK-060 béžové 128 | vmobleceni.cz;Chlapecké oblečení  >  Chlapecká trička a tílka  >  Chlapecká tílka
S3929;Šortky kraťasy dětské dívčí (98-134) KUGO S3929 sv. modrá 98;Dětské dívčí kraťasy KUGO S3929 ze světle modré bavlny, velikosti 98–134. Pohodlný střih s gumou v pase pro aktivní holčičky. Objednejte nyní.;Dívčí kraťasy KUGO S3929 sv. modrá 98-134 | vmobleceni.cz;Dívčí oblečení  >  Dívčí kraťasy
H10211;Tepláky tenké dětské dívčí (98-128) KUGO H1021 sv.růžová 80;Tenké dívčí tepláky KUGO H1021 v růžové barvě, velikosti 98–128 cm. Bavlněná směs, pohodlný střih vhodný na běžné nošení i sport. Najděte správnou velikost pro vaši dceru.;Dívčí tepláky tenké 98-128 KUGO | vmobleceni.cz;Dívčí oblečení  >  Dívčí tepláky
H7001;Tepláky slabé dětské a dorostenecké chlapecké (104-140) KUGO H7001 šedá 140;Chlapecké tepláky KUGO H7001 v šedé barvě, velikosti 104–140. Lehké oblečení z kvalitního materiálu pro chlapce a dorostence. Pohodlný střih pro každodenní nošení.;Chlapecké tepláky KUGO H7001 šedá 104-140 | vmobleceni.cz;Chlapecké oblečení  >  Chlapecké tepláky
58607;Kšiltovka planes dětská chlapecká (52-54) T.K.L. 58607 modrá 52;Dětská chlapecká kšiltovka Planes s nastavitelným obvodem 52–54 cm. Modrá barva, ideální na slunko. Objednejte online.;Dětská kšiltovka Planes chlapecká 52-54 | vmobleceni.cz;Doplňky módy  >  Dětské  >  Čepice-šátky-šály-čelenky  >  Kšiltovky
770-4996;Kšiltovka dětská chlapecká (52-54 cm) ANGRY BIRDS SETINO 770-499 černá 54;Dětská chlapecká kšiltovka Angry Birds, velikost 52-54 cm, černá barva. Kvalitní bavlněný materiál s potiskem oblíbených postav. Ideální na slunce i do školy.;Dětská kšiltovka Angry Birds 52-54 cm | vmobleceni.cz;Doplňky módy  >  Dětské  >  Čepice-šátky-šály-čelenky  >  Kšiltovky
770-451;Kšiltovka dětská chlapecká (54,56) LETADLA SETINO 770-451 červená 54;Dětská chlapecká kšiltovka SETINO s motivem letadel, červená barva, velikosti 54–56 cm. Ideální na léto i do školy. Zakupte nyní.;Dětská kšiltovka chlapecká LETADLA 54-56 cm | vmobleceni.cz;Doplňky módy  >  Dětské  >  Čepice-šátky-šály-čelenky  >  Kšiltovky
